PSD Filename,Size of File,Start Time,End Time,Time Taken
50-instagram-banners-32N6FMW_175.psd,461294,196.256219629,198.216362797,1.9601431680000017
Instagram Post 6.psd,786158,196.244698213,198.431686839,2.186988626000016
Google Banner 250x250.psd,1993919,198.319780297,198.465558589,0.145778292000017
01_Highlights Icon.psd,908509,196.255823379,199.696656714,3.440833335000008
bread-and-butter-food-instagram-post-MSEEGG7_6.psd,18322238,198.513141922,200.260648506,1.747506584000007
bread-and-butter-food-instagram-post-MSEEGG7_31.psd,18638428,198.555456464,200.312651464,1.7571949999999958
50-instagram-banners-32N6FMW_117.psd,1563344,199.753823381,201.00111959,1.2472962090000124
bakery-social-media-kit-psd-ai-template-BZWX4CG_37.psd,776571,200.373756964,202.734339341,2.3605823770000143
Instagram Story 4.psd,701526,200.315647714,202.819165757,2.503518043000014
47-07.psd,736226,201.12371684,204.058863966,2.935147126000004
50-instagram-banners-32N6FMW_111.psd,822945,202.894593466,204.77307805,1.878484584000006
Social Media Food - 11.psd,720882,202.778887591,206.704848217,3.9259606260000055
Instagram Story 7.psd,881188,206.768556384,208.762555843,1.9939994590000083
banner-pack-vol-07-food-new-menu-XTYCGE4_9.psd,1944377,204.933091842,209.998429219,5.065337376999992
30-instagram-food-restaurant-banners-EPSN59_11.psd,915820,208.847339969,211.456018178,2.608678209000004
50-instagram-banners-32N6FMW_62.psd,1553854,210.101489261,211.695919136,1.5944298749999746
asian-food-instagram-post-template-LKQ6TT3_47.psd,3030535,211.732300678,215.785876513,4.053575835000004
breakfast-menu-restaurant-flyer-ad-web-banner-26LXPFL_7.psd,14338722,204.277235591,216.22834368,11.951108089000002
30-instagram-food-restaurant-banners-EPSN59_45.psd,941404,216.505850513,218.680493389,2.1746428759999787
08 Post.psd,78613558,214.377106429,219.986769848,5.609663418999986
Social Media Food - 12.psd,688036,217.387300014,220.379448307,2.9921482929999854
Tibon - Steak_House_Instagram_Template-05.psd,510550,220.416455723,222.352658141,1.9362024179999933
Google Banner 336x280.psd,2609003,222.455466266,222.683551641,0.2280853750000062
Facebook Banner 1200x628.psd,6113665,220.657831682,223.137646641,2.4798149590000094
Ip-10-04.psd,829612,220.073024307,223.149299016,3.076274708999989
Instagram Post Vol. 79-02.psd,466041,222.716883933,223.623589225,0.906705291999998
Ip-10-08.psd,769160,223.194102725,226.145217893,2.951115168000001
30-instagram-food-restaurant-banners-EPSN59_37.psd,1237791,223.727050017,226.622677101,2.895627083999983
Swag - Food - Instagram template-01.psd,18541416,223.360562725,228.584164061,5.2236013360000015
asian-food-instagram-post-template-LKQ6TT3_33.psd,3505564,226.720551851,229.251966311,2.5314144599999797
asian-food-instagram-post-template-LKQ6TT3_57.psd,4029867,226.337665768,229.483416936,3.145751168000004
brunch-banners-ad-BC3JQX8_12.psd,93548733,230.483458603,231.910828312,1.427369709000004
Template #4.psd,6518948,229.75198302,232.989605313,3.237622292999987
asian-food-instagram-post-template-LKQ6TT3_39.psd,3918947,234.121631813,235.879726439,1.758094626000002
Ip-10-02.psd,882690,233.102512563,235.959756772,2.8572442089999868
Instagram Story 2.psd,811816,235.942411189,237.397836648,1.455425458999997
Instagram Banner 1080x1080.psd,3825056,236.125956939,238.25882119,2.132864251000001
50-instagram-banners-32N6FMW_193.psd,395427,237.480971357,238.476066232,0.9950948750000066
brunch-banners-ad-BC3JQX8_55.psd,100767001,238.523207607,239.305680816,0.7824732090000168
50-instagram-banners-32N6FMW_85.psd,694272,238.57012094,239.844448816,1.274327876000001
20-multipurpose-promotion-banners-DGXG9DJ_34.psd,1546268,239.382696399,240.631870108,1.24917370899999
black-friday-food-sale-banners-template-C76AKPW_1.psd,4465827,241.093175192,246.418204777,5.32502958500001
20-multipurpose-promotion-banners-DGXG9DJ_8.psd,650673,246.485885693,247.974643694,1.488758001000008
Post-17.psd,3862729,248.047487403,252.513614571,4.466127168000014
asian-food-instagram-post-template-LKQ6TT3_59.psd,4920369,253.04666403,255.471451198,2.424787168000023
20-multipurpose-promotion-banners-DGXG9DJ_29.psd,1543695,255.613142156,256.963836282,1.3506941259999792
50-instagram-banners-32N6FMW_93.psd,1745018,257.48135574,259.29010845,1.8087527099999647
asian-food-instagram-post-template-LKQ6TT3_17.psd,3505564,259.368947366,261.543921659,2.174974292999991
30-instagram-food-restaurant-banners-EPSN59_2.psd,811052,261.622433617,263.514747118,1.8923135009999896
50-instagram-banners-32N6FMW_153.psd,520293,263.901500535,265.518414328,1.6169137929999806
Burger Carousel by Sko4.psd,37932984,240.25779665,271.988024289,31.73022763900002
30-instagram-food-restaurant-banners-EPSN59_34.psd,1091356,272.805250831,274.809755957,2.0045051259999696
30-instagram-food-restaurant-banners-EPSN59_31.psd,1106507,274.860267332,276.820678291,1.9604109590000007
04_Micro Blog.psd,1797648,265.985847328,287.967331296,21.98148396800002
Zappi - Pizza_Instagram_Template-02.psd,706108,288.074948505,289.594149964,1.5192014589999872
30-instagram-food-restaurant-banners-EPSN59_75.psd,1078982,289.64459038,291.047101589,1.4025112090000107
bread-and-butter-food-instagram-post-MSEEGG7_4.psd,96199091,291.193969756,292.354874298,1.1609045420000257
20.psd,1110417,292.411585298,294.9662878,2.554702501999998
50-instagram-banners-32N6FMW_8.psd,822945,295.089512008,296.414091342,1.3245793340000205
Instagram Story 6.psd,1097102,296.490804675,298.221077218,1.7302725430000123
Instagram Post Vol. 79-01.psd,484198,298.271031676,299.12804101,0.8570093339999971
30-instagram-food-restaurant-banners-EPSN59_4.psd,836320,299.181341427,300.696452761,1.5151113339999824
Food Instagram Post.psd,16213189,230.513625853,308.03162068,77.517994827
50-instagram-banners-32N6FMW_55.psd,1539838,308.239564847,309.550756181,1.311191334
Post-02.psd,3636591,309.666200514,313.253906599,3.58770608499998
50-instagram-banners-32N6FMW_113.psd,569685,313.411431932,315.0128591,1.6014271679999863
Fooddies - instagram post 14.psd,12931978,301.086750761,315.612216683,14.525465921999968
10_Testimonial.psd,1108216,315.687338142,317.414924518,1.7275863760000334
Food Bowl_Instagaram Post 01.psd,5363904,315.117124058,318.052534143,2.935410085000001
Beef Food Shop -01.psd,818032,317.493978768,320.198524352,2.704545584000016
Hotel Instagram Post-02.psd,1425122,320.253570186,321.548605353,1.2950351670000373
20-multipurpose-promotion-banners-DGXG9DJ_45.psd,1520878,321.638922936,322.58086927,0.941946334000022
Template #1.psd,7524256,322.625455187,324.486962771,1.8615075839999804
Instagram Post 8.psd,569024,324.540745146,325.414327063,0.8735819169999672
black-friday-food-sale-banners-template-C76AKPW_6.psd,33067229,318.20658281,325.779974272,7.573391462000018
brunch-banners-ad-BC3JQX8_19.psd,93190550,325.67122698,326.529768939,0.8585419590000356
Brunch_Instagram Post_01.psd,8892275,276.906567833,327.515683564,50.60911573100003
20-multipurpose-promotion-banners-DGXG9DJ_61.psd,1543431,326.56528498,327.583409981,1.0181250009999872
11.psd,4046193,327.565511439,329.73443244,2.168921001000001
Post-05.psd,3921683,327.631562189,331.100532816,3.468970626999976
30-instagram-food-restaurant-banners-EPSN59_83.psd,1058594,329.780281107,331.224395774,1.444114667000008
Large Rectangle (336x280).psd,233617,331.166651899,331.308038899,0.1413870000000088
30-instagram-food-restaurant-banners-EPSN59_13.psd,795340,331.283964691,332.909224608,1.625259916999994
black-friday-food-sale-banners-template-C76AKPW_3.psd,48975629,326.522670314,333.368064025,6.8453937110000425
50-instagram-banners-32N6FMW_133.psd,1578962,332.955877358,333.874782942,0.9189055840000152
50-instagram-banners-32N6FMW_32.psd,1466167,333.411080441,334.405179192,0.9940987509999673
Post-03.psd,4623382,331.358066483,335.918924026,4.560857542999997
Vol5.psd,2168764,334.040357567,336.631115526,2.5907579589999727
20-multipurpose-promotion-banners-DGXG9DJ_30.psd,537409,336.67518036,338.104302152,1.4291217919999897
50-instagram-banners-32N6FMW_129.psd,3720412,338.158640402,339.414165069,1.255524666999975
FEED.psd,4059903,339.742844861,340.864195987,1.121351126000036
01.psd,5103179,341.037968112,344.528164572,3.490196459999993
20-multipurpose-promotion-banners-DGXG9DJ_21.psd,2586121,344.576078613,346.141357614,1.5652790010000217
asian-food-instagram-post-template-LKQ6TT3_41.psd,3322251,346.235270239,348.628343407,2.393073168000001
brunch-banners-ad-BC3JQX8_1.psd,118220986,349.140099074,357.729136911,8.589037837000035
Beef Burger-03.psd,7320243,336.160463026,362.743218038,26.582755012000007
Swag - Food - Instagram template-07.psd,18383648,357.885957453,363.339870622,5.453913168999975
brunch-banners-ad-BC3JQX8_27.psd,101645049,363.609698455,365.447893373,1.8381949179999992
30-instagram-food-restaurant-banners-EPSN59_3.psd,784034,363.563811747,365.851185123,2.287373376000005
brunch-banners-ad-BC3JQX8_17.psd,91974599,365.840905331,366.65870329,0.8177979590000177
artisan-instagram-feed-pack-XMY4FPE_17.psd,2466940,365.913309373,368.248973707,2.3356643340000005
20-multipurpose-promotion-banners-DGXG9DJ_20.psd,608999,368.350420041,369.95228275,1.6018627089999882
Swag - Food - Instagram template-02.psd,18928965,370.088748792,373.798442293,3.709693501000004
180x150.psd,117389328,374.988101502,375.214273127,0.2261716250000063
Korean Food_Instagram Post Template_01.psd,2820979,375.319480127,378.07184917,2.7523690429999874
Instagram Post Vol. 79-08.psd,320773,378.094917545,378.783771629,0.6888540840000132
brunch-banners-ad-BC3JQX8_3.psd,110713832,379.085456962,383.42578834,4.3403313779999735
Post-04.psd,5003871,383.468899423,388.710102675,5.241203251999991
#970x250.psd,25969485,388.823166217,389.631123259,0.8079570419999982
Coffee Shop-02.psd,7227754,367.773644999,394.546283386,26.77263838700003
50-instagram-banners-32N6FMW_75.psd,1540149,394.618189261,396.03896797,1.4207787089999897
47-04.psd,796895,396.105891554,397.736089596,1.6301980420000175
banner-pack-vol-07-food-new-menu-XTYCGE4_3.psd,1368854,397.814440138,398.293742055,0.4793019169999866
50-instagram-banners-32N6FMW_11.psd,645013,398.359921763,399.712545139,1.3526233759999968
Google Banner 720x300.psd,2743251,399.854173264,400.272775222,0.4186019580000106
Vegan Food Instagram Post 2.psd,11958179,334.486036234,400.492843764,66.00680753
50-instagram-banners-32N6FMW_125.psd,5272318,400.658148639,402.008677973,1.3505293339999866
9.psd,40521379,402.12541989,404.808783974,2.6833640840000044
50-instagram-banners-32N6FMW_121.psd,558440,404.871088641,405.638458683,0.7673700420000387
20-multipurpose-promotion-banners-DGXG9DJ_65.psd,367465,405.717229642,406.711833059,0.9946034170000077
30-instagram-food-restaurant-banners-EPSN59_26.psd,1798371,406.777893767,409.91605056,3.1381567929999505
Swag - Food - Instagram template-03.psd,19082958,410.950835936,415.807809396,4.856973460000006
30-instagram-food-restaurant-banners-EPSN59_79.psd,1005305,415.851922355,417.938176564,2.086254209000004
Instagram Post Vol. 261-06.psd,460031,417.974705897,419.186284648,1.2115787510000473
Post-06.psd,4277543,419.282337398,423.725439357,4.443101959000046
Instagram Post 5.psd,633901,423.757820024,424.735731483,0.9779114589999836
Beef Burger-01.psd,7078356,400.434154639,429.57865336,29.14449872099999
Brunch_Instagram Post_05.psd,3057770,429.651465527,432.020939903,2.369474375999971
30-instagram-food-restaurant-banners-EPSN59_89.psd,2074675,432.063929403,434.698335738,2.634406335000051
50-instagram-banners-32N6FMW_79.psd,1553854,434.728911696,435.960447488,1.2315357919999883
Beer Party_CMYK.psd,46330440,436.133232155,444.094195409,7.960963254000035
IGPOST_20072021.psd,21848108,390.107589301,444.826161118,54.718571817
30-instagram-food-restaurant-banners-EPSN59_109.psd,1187479,444.145907701,446.032838743,1.8869310420000147
Beef Food Shop -03.psd,791347,446.141192035,448.668794536,2.52760250099999
50-instagram-banners-32N6FMW_67.psd,870269,448.718092411,450.388312329,1.6702199179999866
brunch-banners-ad-BC3JQX8_35.psd,92572069,450.648603912,451.054477621,0.4058737089999908
Instagram Post 2.psd,566430,451.100966746,452.238048704,1.1370819580000102
50-instagram-banners-32N6FMW_40.psd,1675185,452.425264079,454.019958038,1.5946939590000395
Post-08.psd,4106270,454.127949788,458.13408229,4.006132501999957
Ip-10-10.psd,852862,458.198702957,460.655505208,2.456802250999999
asian-food-instagram-post-template-LKQ6TT3_15.psd,7155604,460.708459541,463.205477167,2.4970176260000017
50-instagram-banners-32N6FMW_197.psd,1720265,463.246987626,464.638640251,1.391652625000006
47-10.psd,632492,464.668691668,466.435231711,1.7665400429999636
Instagram Post (1080x1080).psd,730564,466.496272877,468.128556711,1.6322838339999637
Summer Party Flyer.psd,147373272,468.486890378,478.335813341,9.848922963000009
50-instagram-banners-32N6FMW_59.psd,461294,478.408271175,479.428489717,1.0202185420000092
brochure-bakery-tri-fold-square-CH7MYWX_3.psd,11092366,445.201094118,490.077279888,44.876185770000006
brochure-organic-food-tri-fold-square-CLKWAJ_1.psd,18412445,425.257942525,492.468747097,67.21080457200003
Social Media Food - 5.psd,737995,490.195897554,493.159072847,2.963175293000006
20-multipurpose-promotion-banners-DGXG9DJ_67.psd,1546268,492.605514347,494.026601473,1.4210871260000315
brunch-banners-ad-BC3JQX8_2.psd,92572069,494.584033598,494.995629015,0.4115954170000009
asian-food-instagram-post-template-LKQ6TT3_3.psd,4046193,493.214467222,495.356773432,2.142306210000015
240x400.psd,135392409,495.176576182,495.579131307,0.4025551249999921
30-instagram-food-restaurant-banners-EPSN59_63.psd,811052,495.62715239,497.090224683,1.463072292999982
Summer Party Social Media.psd,135501924,495.60176264,501.225675184,5.623912544000007
Social Media Food Instagram Story - 7.psd,1125254,497.124309183,501.359054601,4.234745418000045
50-instagram-banners-32N6FMW_71.psd,526649,501.415740476,502.619930602,1.2041901260000143
Nice Shusi Socmed Post 5.psd,5905465,479.50921305,505.165071645,25.655858594999984
Social Media Food - 2.psd,666032,502.69531331,505.383155436,2.687842125999964
05 Post.psd,78193532,501.821054226,505.574678687,3.7536244610000153
brunch-banners-ad-BC3JQX8_37.psd,92709435,505.359450645,505.899139145,0.5396885000000111
bakery-social-media-kit-psd-ai-template-BZWX4CG_7.psd,647276,505.67113302,507.163815854,1.492682833999993
Tibon - Steak_House_Instagram_Template-08.psd,776905,505.955278228,507.874319104,1.9190408759999968
Social Media Food Instagram Story - 5.psd,1026755,505.406590145,509.77347898,4.3668888349999975
50-instagram-banners-32N6FMW_95.psd,1712338,508.148868771,509.778748564,1.6298797929999864
08_Display Products.psd,1237123,507.250431646,509.948286147,2.697854500999995
bread-and-butter-food-instagram-post-MSEEGG7_13.psd,18322238,509.824704564,511.334827898,1.5101233340000135
Banner Pack V11 Food Festival_Pinterest Banner.psd,1920185,509.845158022,513.388686231,3.5435282089999305
20-multipurpose-promotion-banners-DGXG9DJ_13.psd,1543431,513.421233148,514.433407606,1.0121744579998904
Google Banner 125x125.psd,809128,514.473309856,514.510715023,0.0374051669999744
22_Thanks You.psd,804070,511.408813231,514.524719023,3.115905791999978
#728x90.psd,21117082,514.57960044,514.802352273,0.2227518329999611
bread-and-butter-food-instagram-post-MSEEGG7_25.psd,45299204,514.61663244,516.716931108,2.1002986680000504
50-instagram-banners-32N6FMW_70.psd,4341453,514.846103732,516.746026149,1.8999224170000844
Instagram Post Vol. 261-03.psd,489272,516.755324316,518.00695815,1.2516338339999038
50-instagram-banners-32N6FMW_143.psd,634779,516.840552816,518.089091108,1.2485382920000347
bread-and-butter-food-instagram-post-MSEEGG7_9.psd,31813567,518.145876983,520.221137818,2.0752608349999946
Brunch_Instagram Post_03.psd,2009954,518.098784733,520.571542443,2.472757709999996
20-multipurpose-promotion-banners-DGXG9DJ_25.psd,766324,520.246565026,521.719388527,1.4728235009999937
50-instagram-banners-32N6FMW_47.psd,715004,520.649048734,522.198667527,1.549618793000036
bread-and-butter-food-instagram-post-MSEEGG7_10.psd,54210747,521.818591193,523.250099819,1.4315086259999816
Zappi - Pizza_Instagram_Template-05.psd,555359,522.225510694,523.400302694,1.1747919999999112
Social Media Food - 9.psd,662799,523.282667861,525.624607487,2.3419396259999985
09.psd,1160539,523.437030777,525.858419779,2.4213890019999558
Template #5.psd,4461417,525.65590282,527.205414946,1.5495121259999678
30-instagram-food-restaurant-banners-EPSN59_95.psd,916031,525.908240195,527.340160904,1.4319207089999964
brunch-banners-ad-BC3JQX8_18.psd,118220986,527.551691904,535.000339658,7.448647754000035
20-multipurpose-promotion-banners-DGXG9DJ_43.psd,1603360,535.027170283,536.038039367,1.010869083999978
Brunch_Instagram Post Template_02.psd,1765504,536.132652575,538.052288993,1.9196364180000955
bakery-social-media-kit-psd-ai-template-BZWX4CG_33.psd,736226,538.097369701,540.233658994,2.1362892930000044
Beef Food Shop -07.psd,819568,540.30542566,543.225159203,2.919733543000006
50-instagram-banners-32N6FMW_173.psd,1745018,543.275294953,544.817435746,1.542140793000044
50-instagram-banners-32N6FMW_48.psd,1739689,544.863629287,546.37851558,1.5148862930000178
asian-food-instagram-post-template-LKQ6TT3_37.psd,4046193,546.419639288,548.572999956,2.153360668000005
50-instagram-banners-32N6FMW_16.psd,558440,548.601171581,549.358901456,0.7577298749999954
Hypebeast_Instagram Post Template.psd,6660031,527.546377404,564.043171963,36.49679455899991
Fooddies - instagram post 11.psd,3652466,549.54975154,568.22990384,18.68015230000003
30-instagram-food-restaurant-banners-EPSN59_105.psd,1237791,568.279454507,570.219027216,1.939572709000004
30-instagram-food-restaurant-banners-EPSN59_97.psd,1106507,570.260513758,572.099677091,1.839163332999988
bread-and-butter-food-instagram-post-MSEEGG7_33.psd,18322238,572.145097341,573.51816455,1.3730672090000553
black-friday-food-sale-banners-template-C76AKPW_7.psd,48975629,573.601895592,580.003171053,6.401275460999955
brunch-banners-ad-BC3JQX8_9.psd,91154281,580.126328303,580.28064772,0.1543194170000106
10.psd,67262833,580.387378262,582.633856096,2.246477834000075
47-08.psd,647276,582.660173846,583.963622888,1.303449042000011
banner-pack-vol-07-food-new-menu-XTYCGE4_19.psd,1275747,584.015407388,584.166587305,0.1511799170000358
breakfast-menu-restaurant-flyer-ad-web-banner-26LXPFL_3.psd,13509900,584.230392513,592.024199309,7.793806796000013
Post-18.psd,3590177,592.054332559,595.533948102,3.479615542999909
IG Feed Coffee Shop-04-01.psd,825720,595.557195769,596.898128978,1.3409332090000134
Brunch_Instagram Post_02.psd,2277095,597.005322353,599.110079854,2.1047575009999946
bread-and-butter-food-instagram-post-MSEEGG7_3.psd,36184695,599.152763729,600.633619521,1.480855792000057
Zappi - Pizza_Instagram_Template-04.psd,789680,600.669467646,602.135954313,1.4664866669999128
Instagram Post Vol. 261-01.psd,524720,602.16541748,603.383373022,1.217955542000027
Google Banner 970x250.psd,2807354,603.425061397,603.818337522,0.393276124999943
30-instagram-food-restaurant-banners-EPSN59_69.psd,744948,603.851988814,605.075196481,1.223207666999997
1080x1080- 1.psd,55948054,605.172723064,608.246924233,3.0742011689999345
THE SMOKIN PATTY.psd,138827344,609.038212233,609.170504025,0.1322917920000463
bread-and-butter-food-instagram-post-MSEEGG7_35.psd,22872983,609.236450066,611.498419901,2.261969835000059
47-01.psd,769819,611.535530359,613.059772193,1.5242418340000086
30-instagram-food-restaurant-banners-EPSN59_17.psd,1049719,613.113517818,614.872302819,1.7587850009999784
Square Trifold Brochure Back.psd,76205397,510.329578855,615.492148111,105.16256925599998
30-instagram-food-restaurant-banners-EPSN59_47.psd,1023321,615.538157736,617.100211445,1.562053708999997
50-instagram-banners-32N6FMW_177.psd,5564050,617.178080612,618.585806196,1.4077255839999907
Half Page Banner (300x600).psd,290458,618.633119363,618.869543404,0.2364240409999638
50-instagram-banners-32N6FMW_77.psd,5564050,618.905793863,620.178530072,1.2727362089999588
artisan-instagram-feed-pack-XMY4FPE_1.psd,2300642,620.210403905,622.431383781,2.220979876000001
bakery-social-media-kit-psd-ai-template-BZWX4CG_8.psd,776571,622.452628573,624.07022474,1.617596166999988
#320x50.psd,13798015,624.110449074,624.149789115,0.0393400409999458
asian-food-instagram-post-template-LKQ6TT3_5.psd,3322251,624.193806532,625.886922658,1.69311612599995
asian-food-instagram-post-template-LKQ6TT3_14.psd,4920369,626.085179866,627.889112867,1.8039330010000183
Fooddies - instagram post 15.psd,11260163,615.087322153,627.930941575,12.843619422000074
brunch-banners-ad-BC3JQX8_13.psd,94862465,627.961182617,628.178380159,0.217197542000008
30-instagram-food-restaurant-banners-EPSN59_49.psd,784034,627.96925395,629.608116701,1.6388627509999196
Template #3.psd,11267521,628.207572659,629.942236576,1.7346639170000344
asian-food-instagram-post-template-LKQ6TT3_1.psd,7155604,629.636028868,631.62372791,1.9876990419999172
30-instagram-food-restaurant-banners-EPSN59_101.psd,1091356,629.981469076,631.733596701,1.7521276249999571
Instagram Post-08.psd,2129308,631.673843327,633.828825827,2.15498249999996
bakery-social-media-kit-psd-ai-template-BZWX4CG_1.psd,769819,633.858733327,635.352607745,1.4938744180000183
50-instagram-banners-32N6FMW_57.psd,499235,635.399122661,636.430067078,1.0309444170000006
50-instagram-banners-32N6FMW_119.psd,10873167,636.466192995,637.916593579,1.4504005840000218
20-multipurpose-promotion-banners-DGXG9DJ_69.psd,1543695,637.989325329,639.081546413,1.0922210839999025
asian-food-instagram-post-template-LKQ6TT3_7.psd,2474666,639.10622483,640.274851664,1.1686268340000652
Template #7.psd,14939179,640.306693455,641.978541456,1.6718480010000576
30-instagram-food-restaurant-banners-EPSN59_5.psd,811052,642.013774331,643.323204123,1.3094297919999462
Brunch_Instagram Post Template_01.psd,4115822,643.369611957,645.568969499,2.1993575420000298
Instagram Post Vol. 79-06.psd,551179,645.599963249,646.209758083,0.609794834000013
artisan-instagram-feed-pack-XMY4FPE_9.psd,2300642,646.239395791,648.449414417,2.210018625999965
#1200x1200.psd,35527849,648.544298168,652.481635253,3.937337085000081
50-instagram-banners-32N6FMW_72.psd,1653600,652.520024294,653.789703045,1.269678751000015
black-friday-food-sale-banners-template-C76AKPW_4.psd,4465827,653.916565712,658.099693547,4.18312783500005
asian-food-instagram-post-template-LKQ6TT3_10.psd,3333154,658.125774589,659.982753881,1.8569792920000052
50-instagram-banners-32N6FMW_43.psd,1539838,660.023526673,661.210016049,1.186489376000054
50-instagram-banners-32N6FMW_151.psd,1675185,661.28448684,662.544127507,1.2596406669999851
#300x600.psd,24578328,662.601593923,663.135754424,0.5341605009999739
Food Vintage.psd,6939309,631.917446201,714.531825906,82.61437970500003
16_Quotes.psd,2992555,714.627786281,718.442504908,3.814718627000048
brunch-banners-ad-BC3JQX8_47.psd,91974599,718.561071241,718.927628408,0.3665571669999963
30-instagram-food-restaurant-banners-EPSN59_42.psd,1085641,718.964308241,720.389361576,1.4250533350000296
black-friday-food-sale-banners-template-C76AKPW_11.psd,33067229,720.519048826,727.289338495,6.770289669000022
47-05.psd,762753,727.312967162,728.921539371,1.6085722090000445
Korean Food_Instagram Post Template_04.psd,2790265,728.964119579,731.448958663,2.4848390839999865
13_Quiz.psd,3333004,731.546784414,738.1127545,6.565970086000107
Brunch_Instagram Post Template_04.psd,1780225,738.145752292,740.098781334,1.9530290420000256
03 Post.psd,78508489,740.285966668,744.145054836,3.859088167999971
20-multipurpose-promotion-banners-DGXG9DJ_55.psd,449104,744.181288795,745.03905042,0.8577616249999664
50-instagram-banners-32N6FMW_107.psd,1835394,745.082988462,746.621276004,1.5382875420000346
bbq-to-night-flyer-template-design-43RPVWW_1.psd,59535763,746.802309754,751.219608965,4.417299211
Leaderboard (728x90).psd,181223,751.255555131,751.341301465,0.085746333999964
Instagram Post Vol. 261-05.psd,658181,751.372661006,752.838555965,1.465894958999911
5.psd,22813703,752.898958757,755.582610216,2.683651459000089
50-instagram-banners-32N6FMW_24.psd,1639381,755.610686966,756.529730592,0.9190436259999616
50-instagram-banners-32N6FMW_189.psd,4341453,756.564328758,758.154480926,1.5901521680000317
Medium Rectangle (300x250).psd,213132,758.228405801,758.335623843,0.1072180419999995
06 Post.psd,78882850,758.475737384,762.195151511,3.719414126999936
Vol1.psd,2007886,762.279621678,765.458897221,3.179275543000017
asian-food-instagram-post-template-LKQ6TT3_45.psd,2474666,765.482319221,766.639765513,1.1574462920000317
20-multipurpose-promotion-banners-DGXG9DJ_4.psd,416760,766.679246597,767.384541222,0.7052946250000787
30-instagram-food-restaurant-banners-EPSN59_14.psd,779180,767.417483639,768.647917806,1.2304341669999983
Instagram Banner 1080x628.psd,3190330,768.698163181,769.828168098,1.130004916999951
bakery-social-media-kit-psd-ai-template-BZWX4CG_5.psd,775244,769.855036348,771.222828974,1.3677926259999822
50-instagram-banners-32N6FMW_181.psd,1596382,771.252629724,772.318150058,1.0655203339999844
bakery-social-media-kit-psd-ai-template-BZWX4CG_9.psd,632492,772.342629183,773.885928683,1.5432994999999892
bakery-social-media-kit-psd-ai-template-BZWX4CG_27.psd,796895,773.957194142,775.309748142,1.352553999999941
50-instagram-banners-32N6FMW_97.psd,1720265,775.339048684,776.530259768,1.191211083999974
Pizza-15-main.psd,5213073,776.661907851,780.970573812,4.308665960999974
50-instagram-banners-32N6FMW_65.psd,552357,781.017141062,782.425256604,1.4081155420000186
Google Banner 320x50.psd,497117,782.453197812,782.479141146,0.0259433339999759
30-instagram-food-restaurant-banners-EPSN59_29.psd,916031,782.548357187,783.790268604,1.241911416999983
asian-food-instagram-post-template-LKQ6TT3_51.psd,3333154,783.817984271,785.660858022,1.8428737509999564
Beef Food Shop -02.psd,816287,785.709095814,788.173412648,2.4643168339999875
20-multipurpose-promotion-banners-DGXG9DJ_63.psd,2105087,788.199048273,789.406131399,1.2070831259999295
IG-126 Healthy Food Instagram Carousel.psd,7671204,663.461756965,866.620263268,203.15850630300008
30-instagram-food-restaurant-banners-EPSN59_43.psd,1091356,866.675781976,868.408475061,1.7326930849999371
#160x600.psd,25166291,912.730136747,914.014264872,1.284128125000052
Instagram Post Vol. 262-07.psd,454950,912.537376163,914.960874331,2.4234981680000374
30-instagram-food-restaurant-banners-EPSN59_32.psd,1323086,912.55083983,916.656834374,4.105994544000055
50-instagram-banners-32N6FMW_157.psd,499235,915.123105165,916.811611707,1.6885065420000274
17_Hiring.psd,1046958,914.180884747,917.571295582,3.390410834999898
20-multipurpose-promotion-banners-DGXG9DJ_16.psd,367465,917.674982166,919.1434755,1.4684933340000723
asian-food-instagram-post-template-LKQ6TT3_4.psd,3918947,916.91558754,919.345335625,2.4297480849999147
02_Invitations.psd,1060178,916.826413832,921.644521418,4.8181075859999964
Ramen_Shop_Instagram_Template-08.psd,7229592,919.566707958,923.752883002,4.186175043999924
Brunch_Instagram Post Template_03.psd,2753996,921.768562626,923.93830721,2.169744584
30-instagram-food-restaurant-banners-EPSN59_65.psd,836320,924.041285044,925.970674628,1.9293895839999775
50-instagram-banners-32N6FMW_38.psd,680387,926.066488545,927.625654796,1.5591662510000788
21_Give Away.psd,2290831,924.02929671,928.137302046,4.108005335999906
Instagram Post Vol. 262-04.psd,392642,927.718292546,928.951245671,1.2329531249999943
50-instagram-banners-32N6FMW_195.psd,1540149,928.346886671,930.571912339,2.225025668000057
bread-and-butter-food-instagram-post-MSEEGG7_29.psd,96199091,929.274028088,931.263417172,1.9893890839999813
30-instagram-food-restaurant-banners-EPSN59_71.psd,795340,931.492532506,933.582494881,2.089962375000028
1080x1920- 2.psd,104419261,931.057631755,941.43516501,10.377533255000005
belino-coffee-shop-instagram-carousel-template-C2RGEXH_1.psd,2823442,919.789292417,945.227993345,25.438700928000003
Google Banner 240x400.psd,3078680,946.224503179,946.732122596,0.5076194170000008
Instagram Post - Cake and Bakery.psd,4027517,941.866624968,959.047191643,17.180566675000023
50-instagram-banners-32N6FMW_17.psd,1563344,959.268417143,960.482932602,1.2145154590000402
50-instagram-banners-32N6FMW_147.psd,715004,960.608199186,962.501916853,1.8937176670000329
50-instagram-banners-32N6FMW_64.psd,1596382,964.026255645,965.648241896,1.621986250999953
Belino.psd,2823442,947.211353013,966.026133563,18.814780550000023
12.psd,3322251,965.737294188,967.747979605,2.0106854169999906
Instagram Post Vol. 262-08.psd,442988,967.81643123,968.993634648,1.1772034179999764
50-instagram-banners-32N6FMW_78.psd,738890,969.068566981,970.735381148,1.666814166999984
asian-food-instagram-post-template-LKQ6TT3_55.psd,4413907,970.907767399,973.341656441,2.4338890420000325
beer-party-flyer-T2DG3RM_2.psd,32406675,967.958175689,975.264188151,7.306012462000012
06.psd,70406361,976.038516526,979.917378236,3.878861710000024
Social Media Food Instagram Story - 2.psd,947653,980.08277757,985.766309447,5.683531877000064
Instagram Post-05.psd,664157,985.964974364,988.292708532,2.3277341680000063
Social Media Food - 8.psd,696914,988.586576157,990.738896616,2.152320459000066
Template #8.psd,3844317,990.778558991,992.53483495,1.7562759590000496
banner-pack-vol-07-food-new-menu-XTYCGE4_2.psd,1413828,994.068189909,995.305456118,1.2372662090000404
30-instagram-food-restaurant-banners-EPSN59_61.psd,784034,995.370484909,997.537308702,2.1668237930000487
20-multipurpose-promotion-banners-DGXG9DJ_27.psd,3453274,997.65546641,999.918547245,2.2630808349999825
banner-pack-vol-07-food-new-menu-XTYCGE4_13.psd,1413828,1000.024413453,1000.84329687,0.8188834170000518
970x90.psd,143828015,1001.097980245,1001.879214579,0.7812343339999188
2.psd,31665351,1001.985678746,1005.770270706,3.784591960000057
Instagram Story 10.psd,1131264,1006.369351998,1008.988166374,2.6188143760000457
brochure-bakery-tri-fold-square-CH7MYWX_2.psd,14662381,934.727849382,1010.343632375,75.61578299299993
50-instagram-banners-32N6FMW_155.psd,1539838,1009.090794499,1010.831566375,1.7407718759999398
Tibon - Steak_House_Instagram_Template-01.psd,745839,1010.933750208,1012.992577376,2.058827167999993
Social Media Food - 3.psd,740765,1010.957620792,1015.108196252,4.150575460000027
Ip-10-01.psd,722894,1013.074912293,1015.373280544,2.2983682509999426
Social Media Food - 4.psd,588559,1015.426249919,1017.553767295,2.1275173759999007
Instagram Story 1.psd,849839,1017.628048503,1019.321716254,1.6936677510000209
Social Media Food Instagram Story - 9.psd,924923,1015.183595294,1019.753056671,4.569461376999925
30-instagram-food-restaurant-banners-EPSN59_111.psd,1085641,1019.387016004,1021.18542513,1.798409126000024
50-instagram-banners-32N6FMW_31.psd,1639381,1021.256804588,1022.352871129,1.0960665410000274
Social Media Food - 7.psd,755950,1022.388714713,1024.510521089,2.1218063759998813
01 Post.psd,78564682,1025.119233381,1029.590156841,4.4709234599999945
Social Media Food Instagram Story - 10.psd,689580,1029.65411155,1034.410883885,4.756772335000051
30-instagram-food-restaurant-banners-EPSN59_103.psd,941404,1034.484880927,1036.335302386,1.8504214590000172
15_Viral News.psd,1601637,1021.259923338,1037.132021136,15.872097798000029
50-instagram-banners-32N6FMW_141.psd,1466167,1037.181170928,1038.28560147,1.1044305420000455
IG Feed Coffee Shop-03-01.psd,859123,1038.342383304,1040.233017138,1.8906338340000275
brunch-banners-ad-BC3JQX8_30.psd,110713832,1036.725307053,1041.649922347,4.924615293999977
bakery-social-media-kit-psd-ai-template-BZWX4CG_31.psd,775244,1040.286341096,1041.912161055,1.6258199590001825
30-instagram-food-restaurant-banners-EPSN59_36.psd,941404,1041.990867639,1043.846140015,1.8552723759999024
Post-13.psd,4002246,1043.901683223,1048.496782809,4.59509958600006
asian-food-instagram-post-template-LKQ6TT3_6.psd,3191034,1048.646951809,1050.894554935,2.247603126000058
Vegan Food Instagram Post 3.psd,15112585,973.578975608,1055.554880895,81.97590528700005
Instagram Story 8.psd,814026,1055.744756395,1057.267541229,1.5227848340000492
brunch-banners-ad-BC3JQX8_23.psd,91154281,1058.11056598,1058.376557313,0.2659913329998744
1080x1920- 4.psd,103710382,1058.639451396,1065.557053316,6.917601920000152
50-instagram-banners-32N6FMW_145.psd,627438,1065.657243983,1067.264450276,1.6072062929999902
Beef Food Shop -04.psd,836697,1067.409591276,1070.884332986,3.4747417099999893
Beef Food Shop -05.psd,740508,1071.105167611,1073.470577862,2.365410250999957
( Master ) Brunch Instagram Puzzle.psd,7599187,1042.267450472,1106.805479711,64.53802923900002
brunch-banners-ad-BC3JQX8_31.psd,100895798,1107.212327961,1108.338795753,1.126467792000085
bakery-cupcake-instagram-post-template-LXP62WZ_3.psd,4719214,1108.424926003,1120.206965841,11.782039837999946
50-instagram-banners-32N6FMW_54.psd,2673379,1120.258107591,1121.778241259,1.5201336679999713
brunch-banners-ad-BC3JQX8_39.psd,91154281,1122.920317509,1123.181328134,0.2610106250001536
50-instagram-banners-32N6FMW_25.psd,1578962,1123.245893718,1124.750230552,1.5043368340000145
Korean Food_Instagram Post Template_02.psd,2792409,1124.849938052,1127.732547261,2.8826092090000657
3.psd,49558705,1127.810671511,1131.619239138,3.808567627000002
Korean Food_Instagram Post Template_05.psd,2795299,1131.703581097,1134.190057223,2.486476125999843
50-instagram-banners-32N6FMW_41.psd,520293,1134.233398348,1135.993931182,1.7605328340000597
brochure-sushi-restaurant-4-fold-square-RFAQAA_1.psd,20680240,1076.02145278,1155.397060691,79.37560791100009
banner-pack-vol-07-food-new-menu-XTYCGE4_15.psd,1368854,1155.526611191,1156.018338858,0.4917276670000774
bakery-social-media-kit-psd-ai-template-BZWX4CG_3.psd,796895,1156.052900233,1157.758988817,1.7060885840000992
Instagram Post Vol. 262-01.psd,503260,1157.795501525,1158.921917276,1.1264157509999675
Swag - Food - Instagram template-08.psd,18129830,1159.006409026,1163.212521403,4.206112376999954
Template #6.psd,8869126,1163.245755236,1165.366072904,2.120317668000098
SUSHI MANIA.psd,284005190,1166.970019863,1167.143385988,0.1733661250000295
Nice Shusi Socmed Post 1.psd,6270587,1136.08875464,1168.270385863,32.18163122300007
20-multipurpose-promotion-banners-DGXG9DJ_49.psd,537409,1167.190779238,1168.852433655,1.6616544169999088
Tibon - Steak_House_Instagram_Template-04.psd,767917,1168.34536078,1170.319704031,1.9743432509999368
Ip-10-07.psd,838639,1168.891115447,1171.392739823,2.501624376000109
Instagram Story 3.psd,899030,1170.471705573,1172.312938281,1.8412327080000068
Google Banner 180x150.psd,837095,1172.359338323,1172.417642948,0.0583046250001189
asian-food-instagram-post-template-LKQ6TT3_53.psd,4620207,1172.61161674,1175.132434908,2.520818168000005
Swag - Food - Instagram template-06.psd,18622009,1171.46526174,1176.045666491,4.58040475100006
200x200.psd,117791601,1176.266506158,1176.512313908,0.2458077499998125
Instagram Post-09.psd,2044114,1176.585731325,1179.704202743,3.118471417999899
Breakfast.psd,193262520,1180.530582952,1180.720955285,0.1903723329999138
Untitled-4.psd,3489376,1180.853531077,1183.725622537,2.872091459999865
30-instagram-food-restaurant-banners-EPSN59_44.psd,806949,1183.769939079,1185.566419454,1.7964803749998737
16.psd,1180257,1185.610836204,1188.638545289,3.027709084999969
brunch-banners-ad-BC3JQX8_59.psd,100895798,1188.782565373,1189.554909206,0.77234383300015
Instagram Post 7.psd,623174,1189.587053998,1190.586930957,0.9998769589999484
Social Media Food Instagram Story - 4.psd,824915,1190.613919082,1194.834765625,4.220846543000107
30-instagram-food-restaurant-banners-EPSN59_91.psd,1798371,1194.879201209,1197.890902502,3.011701292999988
30-instagram-food-restaurant-banners-EPSN59_9.psd,795340,1198.05202046,1199.838680336,1.7866598759999306
bakery-social-media-kit-psd-ai-template-BZWX4CG_25.psd,685244,1199.881785295,1202.071208962,2.189423666999801
bakery-social-media-kit-psd-ai-template-BZWX4CG_6.psd,736226,1202.126962337,1204.445744379,2.318782042000066
Instagram Post Vol. 79-04.psd,346640,1204.464835379,1205.061811088,0.5969757089999348
Post-07.psd,3877270,1205.099752171,1209.209801173,4.110049001999869
Social Media Food - 6.psd,697328,1209.246781215,1211.556943299,2.3101620840000123
#1200x628.psd,28818554,1211.665422883,1214.283445384,2.6180225010000413
Untitled-3.psd,3155595,1214.410565592,1218.445633678,4.03506808599991
30-instagram-food-restaurant-banners-EPSN59_7.psd,744948,1218.490807803,1220.014182387,1.5233745839998392
brochure-organic-food-tri-fold-square-CLKWAJ_7.psd,14764971,1175.312853449,1221.958958096,46.64610464700013
13.psd,3918947,1222.003047596,1223.843884389,1.840836793000108
Untitled-5.psd,2314133,1220.09484597,1223.953491722,3.8586457520000295
#468x60.psd,20441319,1223.915876555,1224.018299264,0.1024227089999385
Facebook Ads (1200x628).psd,563699,1224.019451805,1225.109699764,1.090247958999953
Ramen_Shop_Instagram_Template-01.psd,7109175,1224.077572014,1226.589489182,2.511917168000082
47-06.psd,775244,1225.144136431,1226.793386973,1.6492505419998906
Hot Burger-01.psd,22523910,1051.640839393,1380.69984321,329.05900381699985
18.psd,1009814,1380.776935877,1383.791472586,3.01453670900014
Carousel - Foodies-02.psd,7564169,1384.278528753,1414.735980392,30.457451639000052
50-instagram-banners-32N6FMW_103.psd,491982,1415.108524767,1416.052290184,0.943765416999895
banner-pack-vol-07-food-new-menu-XTYCGE4_5.psd,1305624,1416.107812768,1416.360251934,0.252439165999931
Instagram Post Vol. 261-02.psd,565143,1416.396863893,1417.442354518,1.0454906249999567
Instagram Post-04.psd,3110958,1417.479424768,1419.413487061,1.9340622930001248
50-instagram-banners-32N6FMW_167.psd,870269,1419.446378394,1420.856360186,1.4099817920000532
30-instagram-food-restaurant-banners-EPSN59_23.psd,1049719,1420.89173677,1422.679028021,1.7872912509999423
Hotel Instagram Post-03.psd,1702365,1422.756103396,1425.069995605,2.31389220899996
Coffee Shop IG Square_03.psd,1619863,1425.09886073,1426.717290773,1.6184300429999894
Facebook Banner 1200x1200.psd,14697924,1426.770826064,1429.227095107,2.45626904300002
300x250.psd,118912679,1429.335825857,1429.664251857,0.3284260000000358
Instagram Post Vol. 262-06.psd,439703,1429.684823316,1430.441264733,0.7564414170001328
Zappi - Pizza_Instagram_Template-01.psd,862912,1430.479101983,1432.0744149,1.595312917000001
20-multipurpose-promotion-banners-DGXG9DJ_75.psd,357281,1432.099450858,1432.765752942,0.6663020840001082
50-instagram-banners-32N6FMW_123.psd,694272,1432.831680359,1433.901010984,1.0693306250000203
50-instagram-banners-32N6FMW_23.psd,694272,1433.939588359,1435.010705568,1.0711172090000218
06_Discount.psd,1295391,1435.088989068,1438.196202153,3.107213085000012
50-instagram-banners-32N6FMW_22.psd,3720412,1438.24030832,1439.48303457,1.2427262500000325
asian-food-instagram-post-template-LKQ6TT3_11.psd,4620207,1439.691748904,1441.958431238,2.266682334000052
Post-10.psd,4017735,1441.991764238,1446.508152823,4.516388584999959
05_Promo.psd,3451479,1446.568982865,1448.964084283,2.3951014179999675
bread-and-butter-food-instagram-post-MSEEGG7_19.psd,31813567,1449.005195866,1450.766698158,1.7615022920001593
Instagram Post Vol. 261-08.psd,648178,1450.795240575,1452.159492451,1.3642518760000255
30-instagram-food-restaurant-banners-EPSN59_19.psd,1058594,1452.187669576,1453.502428535,1.3147589590000734
1080x1920- 3.psd,103736339,1453.623316493,1459.772225121,6.148908628000072
BBQ Flyer.psd,59535763,1459.933307746,1464.753913998,4.820606251999834
brunch-banners-ad-BC3JQX8_8.psd,91898000,1464.864557165,1465.266874165,0.4023170000000391
20-multipurpose-promotion-banners-DGXG9DJ_79.psd,766324,1465.289409874,1466.657633291,1.3682234169998535
Night Club Social Media.psd,123796229,1466.970518541,1474.276980044,7.306461503000037
20-multipurpose-promotion-banners-DGXG9DJ_5.psd,1520878,1474.303133336,1475.226583711,0.9234503750001296
Coffee Shop IG Square_02.psd,1590851,1475.257510503,1476.98931617,1.7318056669998896
bread-and-butter-food-instagram-post-MSEEGG7_8.psd,27208565,1477.02922692,1478.251699338,1.222472418000052
Post-01.psd,3936076,1478.274064713,1481.353023506,3.0789587930000835
30-instagram-food-restaurant-banners-EPSN59_99.psd,1323086,1481.383539714,1483.235751923,1.8522122089998447
Social Media Food Instagram Story - 1.psd,980557,1483.266388757,1489.940973801,6.6745850439999685
brunch-banners-ad-BC3JQX8_57.psd,101645049,1532.792073321,1538.071436698,5.2793633769999815
50-instagram-banners-32N6FMW_33.psd,634779,1532.337360487,1538.123735657,5.786375169999928
Pizza-10-main.psd,1131085,1532.662652113,1542.973439034,10.310786921000044
Instagram Post-07.psd,3068980,1538.68413899,1546.994044828,8.30990583799985
47-03.psd,685244,1547.454435203,1551.829337372,4.374902169000052
50-instagram-banners-32N6FMW_171.psd,526649,1552.192625914,1554.793855665,2.601229750999892
beer-party-flyer-T2DG3RM_1.psd,32406675,1543.601105201,1558.100134375,14.499029173999816
Ip-10-03.psd,731462,1555.036535748,1559.29888725,4.262351502000001
20-multipurpose-promotion-banners-DGXG9DJ_73.psd,2586121,1558.357622958,1561.528712085,3.1710891269999597
Banner Pack V11 Food Festival_Instagram Story.psd,2123989,1559.746862584,1568.290114879,8.543252295000002
Post-16.psd,3759654,1561.81740671,1568.887337671,7.069930961000182
Coffee Shop IG Square_01.psd,1640309,1569.92606838,1572.905359423,2.979291042999876
black-friday-food-sale-banners-template-C76AKPW_15.psd,48975629,1573.407288215,1587.194530388,13.787242172999868
50-instagram-banners-32N6FMW_99.psd,836549,1587.509537096,1589.434772806,1.9252357099999244
Template #9.psd,5773442,1589.582227597,1592.660413973,3.078186376000076
Nice Shusi Socmed Post 4.psd,5819565,1593.008559223,1675.473321346,82.4647621229999
brunch-banners-ad-BC3JQX8_29.psd,100895798,1676.693456971,1679.322925889,2.629468918000157
belino-coffee-shop-instagram-carousel-template-C2RGEXH_3.psd,2823442,1682.670735765,1727.301041244,44.63030547900007
brochure-bakery-tri-fold-square-CH7MYWX_1.psd,14662381,1572.628932256,1737.151798582,164.52286632599998
03_Grand Opening.psd,3609045,1728.181787953,1740.945220209,12.763432255999987
50-instagram-banners-32N6FMW_127.psd,2119598,1737.584245333,1741.210094834,3.6258495010001752
Instagram Post 1.psd,605043,1741.334342084,1743.025940627,1.6915985430000546
50-instagram-banners-32N6FMW_7.psd,1835394,1741.111641126,1744.154071877,3.0424307509999835
Hotel Instagram Post-04.psd,1763690,1743.455833877,1749.594666255,6.138832377999961
artisan-instagram-feed-pack-XMY4FPE_10.psd,2323605,1745.111756378,1751.965943881,6.854187502999821
Instagram Post Vol. 261-07.psd,665953,1752.265973881,1755.341250174,3.075276292999888
Zappi - Pizza_Instagram_Template-07.psd,818602,1755.579138133,1758.417761301,2.8386231679999128
Vegan Food Instagram Post 4.psd,17328225,1538.63448449,1759.751053551,221.1165690610001
30-instagram-food-restaurant-banners-EPSN59_87.psd,1109828,1758.621051884,1762.103148636,3.4820967519999613
Post 5.psd,1288950,1760.220382968,1763.343311178,3.1229282100000546
Ip-10-05.psd,900632,1762.370677927,1767.325998221,4.955320293999876
asian-food-instagram-post-template-LKQ6TT3_35.psd,3487668,1765.705874846,1771.438080515,5.732205668999995
bbq-to-night-flyer-template-design-43RPVWW_3.psd,59535763,1768.26997543,1778.20233831,9.932362880000028
Pizza-03-main.psd,1292719,1772.262141974,1778.724818102,6.462676127999885
Ramen_Shop_Instagram_Template-04.psd,7958774,1778.951989518,1784.492509896,5.54052037800011
50-instagram-banners-32N6FMW_135.psd,836549,1784.704898396,1786.990410897,2.2855125009998574
14.psd,2474666,1787.160951064,1789.852907024,2.6919559599998597
Nice Shusi Socmed Post 2.psd,7775671,1749.976837255,1848.861429509,98.88459225399993
brochure-sushi-restaurant-4-fold-square-RFAQAA_4.psd,13042626,1779.970498394,1904.926769242,124.95627084800005
Hotel Instagram Post-05.psd,1604073,1905.765940034,1908.375197452,2.60925741799997
brunch-banners-ad-BC3JQX8_14.psd,100767001,1908.604988494,1909.743854744,1.1388662499998643
Square Trifold Menu Back.psd,87816678,1851.51108501,1917.526891498,66.01580648799995
SquareFlyer.psd,141836238,1910.123757286,1945.059643386,34.93588610000006
Instagram Post-02.psd,1974441,1945.161621469,1949.943530597,4.781909128000052
brochure-bakery-tri-fold-square-CH7MYWX_4.psd,11092366,1917.826600457,1989.579332948,71.75273249099996
Instagram Post 9.psd,753648,1989.605897031,1991.665168282,2.059271250999928
50-instagram-banners-32N6FMW_165.psd,456866,1992.029151449,1993.783558825,1.7544073760000174
50-instagram-banners-32N6FMW_159.psd,457427,1993.894572783,1996.035196159,2.140623375999894
50-instagram-banners-32N6FMW_161.psd,1739689,1996.249656201,1999.500401244,3.2507450429998244
Instagram Post Vol. 262-03.psd,440324,1999.587589869,2001.20547512,1.6178852509999615
50-instagram-banners-32N6FMW_91.psd,715004,2001.395097412,2004.31511833,2.920020917999864
Social Media Food Instagram Story - 12.psd,957826,2004.492427371,2011.734180458,7.241753087000006
Ip-10-09.psd,844082,2011.860243792,2015.960091043,4.099847251000028
18_Frame Twibbon.psd,1692816,2016.933195251,2029.882843341,12.949648089999982
brunch-banners-ad-BC3JQX8_45.psd,91898000,2030.316591549,2031.050493966,0.7339024170000812
brochure-bakery-tri-fold-square-CH7MYWX_5.psd,11092366,1950.651100597,2053.166226059,102.515125462
30-instagram-food-restaurant-banners-EPSN59_67.psd,854827,2053.408850768,2056.553685519,3.144834750999962
Instagram Post 3.psd,654284,2056.707923811,2058.586366687,1.8784428760000085
Untitled-1.psd,1758581,2059.019504687,2065.711187857,6.691683170000033
Banner Pack V11 Food Festival_Linkedin Post.psd,1588207,2066.114619565,2069.4938719,3.379252335000274
07_Pricelists.psd,2222241,2069.926516651,2076.977984153,7.051467501999923
Pizza-01-main.psd,1221794,2077.51155957,2082.213543781,4.701984211000308
50-instagram-banners-32N6FMW_39.psd,755551,2082.414045572,2085.36093674,2.946891168000093
09 Post.psd,78805752,2086.359985699,2094.900271995,8.540286295999977
Carousel - Foodies-03.psd,2892594,2031.342858883,2106.923679584,75.58082070100022
47-02.psd,818243,2107.04315325,2110.600559835,3.557406584999626
bakery-social-media-kit-psd-ai-template-BZWX4CG_10.psd,769819,2110.671465419,2113.911196337,3.239730918000077
bread-and-butter-food-instagram-post-MSEEGG7_11.psd,18638428,2114.109270087,2117.104319047,2.9950489600000765
300x600.psd,136895137,2117.887291714,2119.26205009,1.3747583759995905
Tekaro.psd,2574453,2095.909777329,2129.388367594,33.47859026500009
beer-party-flyer-T2DG3RM_4.psd,46330440,2129.569501053,2144.530409351,14.96090829800005
bread-and-butter-food-instagram-post-MSEEGG7_37.psd,27208565,2144.599085851,2146.944539019,2.345453167999949
09_Event.psd,3140306,2147.374810394,2154.453055523,7.078245128999697
20-multipurpose-promotion-banners-DGXG9DJ_9.psd,449104,2154.687668523,2156.165323357,1.4776548340000772
50-instagram-banners-32N6FMW_139.psd,755551,2215.593279176,2223.843957387,8.250678210999922
Instagram Post-06.psd,1969005,2215.776656801,2226.362712722,10.586055921000025
asian-food-instagram-post-template-LKQ6TT3_12.psd,4413907,2224.249608387,2230.389341515,6.139733127999989
Untitled-2.psd,2149754,2230.886691891,2237.636803435,6.750111543999992
Swag - Food - Instagram template-09.psd,17242955,2238.265819977,2248.332484107,10.066664129999936
brunch-flyer-3PNEUGK_3.psd,23779348,2227.568157431,2260.390689196,32.822531764999894
50-instagram-banners-32N6FMW_187.psd,1503539,2261.302508696,2265.230797782,3.9282890859999497
07 Post.psd,78616520,2250.907626775,2265.468671907,14.56104513199989
50-instagram-banners-32N6FMW_149.psd,680387,2265.716675448,2269.141782492,3.425107044000015
30-instagram-food-restaurant-banners-EPSN59_35.psd,1109220,2266.072676282,2271.586794118,5.5141178359999685
asian-food-instagram-post-template-LKQ6TT3_13.psd,4029867,2271.862087493,2277.563189371,5.701101877999918
Cinco De Mayo.psd,18288945,2276.432489287,2287.341029999,10.908540712000104
Food Bowl_Instagaram Post 02.psd,8558516,2281.275945664,2289.401583334,8.125637669999833
50-instagram-banners-32N6FMW_183.psd,552357,2287.556942666,2291.060843585,3.503900918999989
bread-and-butter-food-instagram-post-MSEEGG7_2.psd,45299204,2291.390396876,2296.883945337,5.493548461000046
30-instagram-food-restaurant-banners-EPSN59_21.psd,960010,2297.199570921,2300.186757006,2.9871860849998484
11_Tips And Tricks.psd,3271035,2289.997431501,2302.116465173,12.119033672000114
30-instagram-food-restaurant-banners-EPSN59_39.psd,971911,2302.45278934,2305.8199983,3.367208959999971
30-instagram-food-restaurant-banners-EPSN59_46.psd,970407,2305.977767592,2308.959147135,2.9813795430000027
Vegan Food Instagram Post 5.psd,11789799,2301.008259964,2375.22046904,74.21220907599991
Vol4.psd,2285402,2375.434754665,2379.925246792,4.490492126999925
Post 1.psd,1337797,2380.042278417,2382.368806335,2.3265279180000107
30-instagram-food-restaurant-banners-EPSN59_12.psd,1078982,2382.44614796,2384.455940753,2.009792793000088
Vegan Food Instagram Post 1.psd,13090552,2309.11471601,2432.774992774,123.66027676400016
brochure-sushi-restaurant-4-fold-square-RFAQAA_3.psd,13042626,2384.844828919,2455.819826619,70.97499770000013
Large Mobile Banner (320x100).psd,167004,2462.40718508,2464.069089747,1.661904666999817
banner-pack-vol-07-food-new-menu-XTYCGE4_7.psd,1275747,2464.340990247,2464.677374039,0.336383792000106
20-multipurpose-promotion-banners-DGXG9DJ_24.psd,1599161,2462.424695622,2465.945813206,3.521117583999967
Template #2.psd,13216466,2462.407165497,2467.713440498,5.306275001000358
30-instagram-food-restaurant-banners-EPSN59_81.psd,1049719,2466.102315789,2469.367331999,3.265016209999885
Post-15.psd,3802276,2462.41908208,2469.782219708,7.363137628000004
Social Media Food - 10.psd,523367,2467.823416248,2471.116362167,3.292945918999976
Food Bowl_Instagaram Post 03.psd,8636180,2465.06703758,2471.412565292,6.345527712000148
20-multipurpose-promotion-banners-DGXG9DJ_77.psd,1599161,2470.045599874,2472.446136292,2.400536418000229
brunch-banners-ad-BC3JQX8_7.psd,92709435,2472.422788376,2473.436656751,1.0138683750001292
artisan-instagram-feed-pack-XMY4FPE_3.psd,2263703,2469.581613541,2474.145944751,4.564331210000091
50-instagram-banners-32N6FMW_35.psd,627438,2472.731852792,2475.377741877,2.645889084999908
IG Feed Coffee Shop-02-01.psd,910113,2473.635917501,2477.183796628,3.54787912699976
brunch-banners-ad-BC3JQX8_53.psd,94862465,2476.529781211,2477.372140086,0.842358874999718
30-instagram-food-restaurant-banners-EPSN59_85.psd,960010,2477.704854586,2481.513707047,3.8088524610002414
Pinterest Pin (1000x1500).psd,876633,2477.686662128,2483.254931297,5.568269168999905
black-friday-food-sale-banners-template-C76AKPW_5.psd,48874472,2482.955275547,2496.840239428,13.884963881000203
50-instagram-banners-32N6FMW_9.psd,569685,2498.279223262,2501.346758722,3.067535459999817
Carousel - Foodies-01.psd,8881014,2462.693359121,2527.121924526,64.42856540499997
50-instagram-banners-32N6FMW_30.psd,755551,2527.455838484,2530.200842319,2.7450038349998067
50-instagram-banners-32N6FMW_81.psd,491982,2530.410110944,2532.081785445,1.671674501000325
bakery-social-media-kit-psd-ai-template-BZWX4CG_4.psd,762753,2532.169433195,2535.185080738,3.015647543000341
Food & Beverage Instagram Template.psd,26499252,2463.505857788,2549.178351495,85.67249370699983
Square Trifold Menu Front.psd,87817058,2473.081802709,2563.062148334,89.98034562500015
brochure-organic-food-tri-fold-square-CLKWAJ_4.psd,14764971,2475.132355127,2563.091256459,87.95890133199964
Instagram Post Vol. 79-09.psd,438531,2563.22679696,2564.49832946,1.271532500000376
Post-14.psd,4277574,2563.227930376,2569.307416796,6.079486419999739
02.psd,5022770,2569.762415963,2574.190141381,4.427725418000136
Nice Shusi Socmed Post 3.psd,5465923,2549.709666287,2581.71278976,32.00312347299996
50-instagram-banners-32N6FMW_199.psd,738890,2581.765479843,2583.52079126,1.75531141700003
brochure-organic-food-tri-fold-square-CLKWAJ_2.psd,18412445,2584.096204552,2636.604611118,52.50840656599985
Instagram Post Vol. 261-04.psd,712037,2636.63443766,2638.313676369,1.6792387089999463
15.psd,3191034,2638.345532994,2640.200592162,1.8550591679995705
Google Banner 320x100.psd,1507564,2647.772172082,2649.00976079,1.237588708000203
50-instagram-banners-32N6FMW_179.psd,1553854,2647.75291679,2650.619739,2.8668222100000094
bakery-social-media-kit-psd-ai-template-BZWX4CG_23.psd,818243,2647.766255082,2652.270357667,4.504102585000055
bakery-social-media-kit-psd-ai-template-BZWX4CG_12.psd,818243,2647.771235707,2652.293965625,4.522729918000096
970x250.psd,162046060,2651.800293417,2654.077119001,2.2768255840001075
Coffee.psd,750475455,2649.705509999,2749.188312253,99.48280225400003
Square Trifold Brochure Front.psd,88764844,2648.256396748,2869.062349808,220.8059530599999
brochure-sushi-restaurant-4-fold-square-RFAQAA_5.psd,13042626,2894.589508694,2938.382345632,43.79283693800016
